epoch,step,train_loss
3,49,4464.0380859375
7,99,6030.4658203125
11,149,7429.5732421875
15,199,4467.2041015625
19,249,5207.46875
