epoch,step,train_loss
7,49,8953.83984375
14,99,14131.3662109375
