epoch,step,train_loss
3,49,5487.970703125
7,99,3901.07958984375
11,149,3049.873291015625
15,199,2664.21875
19,249,8629.947265625
