epoch,step,train_loss
3,49,5961.0068359375
7,99,6113.70068359375
