epoch,step,train_loss
3,49,22793.435546875
7,99,5314.2568359375
