epoch,step,train_loss
3,49,8336.705078125
7,99,7423.984375
