epoch,step,train_loss
3,49,20109.833984375
7,99,4453.47705078125
11,149,4378.14990234375
15,199,9224.3828125
19,249,4849.52197265625
