epoch,step,train_loss
3,49,9050.0107421875
7,99,8005.75341796875
11,149,1919.1387939453125
15,199,2966.677490234375
19,249,3572.3779296875
