epoch,step,train_loss
3,49,7013.05615234375
7,99,4349.09716796875
11,149,8531.04296875
15,199,5180.990234375
19,249,6728.96875
