epoch,step,train_loss
3,49,5153.05322265625
7,99,4628.75244140625
11,149,4838.345703125
15,199,4133.76708984375
19,249,5873.16796875
