epoch,step,train_loss
3,49,4372.74951171875
7,99,6451.427734375
