epoch,step,train_loss
3,49,6952.2255859375
7,99,6618.1015625
11,149,5826.18408203125
15,199,6548.28125
19,249,4657.32080078125
