epoch,step,train_loss
3,49,21185.435546875
7,99,40218.97265625
