epoch,step,train_loss
3,49,33929.0234375
7,99,31385.28125
