epoch,step,train_loss
3,49,7107.5859375
7,99,26909.98046875
11,149,5437.8427734375
15,199,4733.5703125
19,249,3608.4892578125
