epoch,step,train_loss
3,49,8500.619140625
7,99,1841.428955078125
11,149,11225.94921875
15,199,4889.5654296875
19,249,19381.4296875
